Player,Appearances,YearLastPlayed
Lauri Markkanen,1,2023
LeBron James,19,2023
Luka Doncic,4,2023
Luol Deng,2,2013
Manu Ginobili,2,2011
Marc Gasol,3,2017
Mehmet Okur,1,2007
Metta World Peace,1,2004
Michael Finley,2,2001
Michael Jordan,2,2003
Michael Redd,1,2004
Mike Conley,1,2021
Mo Williams,1,2009
Nikola Jokic,5,2023
Nikola Vucevic,2,2021
Pascal Siakam,2,2023
Pau Gasol,6,2016
Paul George,8,2023
Paul Millsap,4,2017
Paul Pierce,10,2012
Peja Stojakovic,3,2004
Rajon Rondo,3,2012
Rashard Lewis,2,2009
Rasheed Wallace,4,2008
Ray Allen,10,2011
Reggie Miller,1,2000
Richard Hamilton,3,2008
Roy Hibbert,2,2014
Rudy Gobert,3,2022
Russell Westbrook,9,2020
Sam Cassell,1,2004
Shai Gilgeous-Alexander,1,2023
Shaquille O'Neal,7,2009
Shareef Abdur-Rahim,1,2002
Shawn Marion,4,2007
Stephen Curry,8,2022
Stephon Marbury,2,2003
Steve Francis,3,2004
Steve Nash,7,2012
Tim Duncan,14,2015
Tony Parker,6,2014
Tracy McGrady,7,2007
Trae Young,2,2022
Tyrese Haliburton,1,2023
Tyson Chandler,1,2013
Victor Oladipo,1,2018
Vince Carter,7,2007
Vlade Divac,1,2001
Wally Szczerbiak,1,2002
Yao Ming,6,2009
Zach LaVine,2,2022
Zach Randolph,2,2013
Zion Williamson,1,2021
Zydrunas Ilgauskas,2,2005